PRAGMA foreign_keys=OFF;
BEGIN TRANSACTION;
CREATE TABLE IF NOT EXISTS "schema_migrations" ("version" varchar NOT NULL PRIMARY KEY);
INSERT INTO schema_migrations VALUES('20170331045923');
INSERT INTO schema_migrations VALUES('20170418070645');
INSERT INTO schema_migrations VALUES('20170427063848');
INSERT INTO schema_migrations VALUES('20170515060224');
INSERT INTO schema_migrations VALUES('20170526082243');
INSERT INTO schema_migrations VALUES('20170607073838');
INSERT INTO schema_migrations VALUES('20170628054901');
CREATE TABLE IF NOT EXISTS "ar_internal_metadata" ("key" varchar NOT NULL PRIMARY KEY, "value" varchar, "created_at" datetime NOT NULL, "updated_at" datetime NOT NULL);
INSERT INTO ar_internal_metadata VALUES('environment','development','2017-03-31 05:21:00.324397','2017-03-31 05:21:00.324397');
CREATE TABLE IF NOT EXISTS "posts" ("id" INTEGER PRIMARY KEY AUTOINCREMENT NOT NULL, "content" text, "created_at" datetime NOT NULL, "updated_at" datetime NOT NULL, "user_id" integer);
INSERT INTO posts VALUES(1,'次は何の本を読もうかな。','2017-03-31 05:24:15.529063','2017-03-31 05:24:15.529063',1);
INSERT INTO posts VALUES(2,'今日のランチおいしかった。','2017-03-31 05:24:32.004378','2017-03-31 05:24:32.004378',2);
INSERT INTO posts VALUES(3,'今日はひつじ仙人にGitを教えてもらったぞ！着実に力が付いていっているのを感じる。そして、たまにはベイビーわんことも遊んでやらないとな。','2017-03-31 06:00:32.004378','2017-03-31 06:00:32.004378',1);
INSERT INTO posts VALUES(4,'にんじゃわんこ兄ちゃん、最近プログラミング頑張ってるなぁ。創りたいサービスがあるらしい。僕も頑張るぞー！','2017-04-15 07:24:32.004378','2017-03-31 07:24:32.004378',3);
INSERT INTO posts VALUES(5,'【プログラミング学習のProgate】Ruby on Rails学習コースⅢを修了しました！レベルがどんどん上がっていくから楽しい！','2017-03-31 09:24:32.004378','2017-03-31 09:24:32.004378',4);
INSERT INTO posts VALUES(6,'第1回Progate Sunday Schoolに参加してきた！にんじゃわんこのステッカーもらった(^o^)','2017-03-31 09:24:32.004378','2017-03-31 09:24:32.004378',5);
INSERT INTO posts VALUES(7,'もう少しでTweetApp完成するぞー！','2017-06-01 02:32:59.458984','2017-06-01 02:32:59.458984',1);
CREATE TABLE IF NOT EXISTS "users" ("id" INTEGER PRIMARY KEY AUTOINCREMENT NOT NULL, "name" varchar, "email" varchar, "created_at" datetime NOT NULL, "updated_at" datetime NOT NULL, "image_name" varchar, "password_digest" varchar);
INSERT INTO users VALUES(1,'にんじゃわんこ','wanko@prog-8.com','2017-04-18 08:06:52.739295','2017-06-28 03:41:31.670086','default_user.jpg','$2a$10$uIrhcQEjngrH9YX53YPZ9e6VsI0XeCyV5rrnNbjZCQOG.tSgouc52');
INSERT INTO users VALUES(2,'ひつじ仙人','hitsuji@prog-8.com','2017-04-18 11:23:07.328713','2017-06-28 03:41:49.265964','2.jpg','$2a$10$C4SMNwSyJ5yMLVrOC6uXHOKWfj4rnKaPODQaBuv5SJuUMK9ndAnye');
INSERT INTO users VALUES(3,'ベイビーわんこ','baby@prog-8.com','2017-04-18 12:23:07.328713','2017-06-28 03:41:59.466297','3.jpg','$2a$10$alxc6.l82VayN1X83epix./tG8pmNq7Y/fRO7W9kBd9QYuqMiSjkq');
INSERT INTO users VALUES(4,'しょう','sho@prog-8.com','2017-04-18 13:23:07.328713','2017-06-28 03:42:11.116485','4.jpg','$2a$10$DN7UJ.JwlU17/etc3pUI3epa9XStivUhen7g4MCs.nr67TjahF6qC');
INSERT INTO users VALUES(5,'みちこ','michiko@prog-8.com','2017-04-18 13:23:07.328713','2017-06-28 03:42:21.066632','5.jpg','$2a$10$f0DhNA3/Qpz/t4CmBwnjluF5xZ.UG9.LnnXe7HinEKQd0vcWUO2BC');
CREATE TABLE IF NOT EXISTS "likes" ("id" INTEGER PRIMARY KEY AUTOINCREMENT NOT NULL, "user_id" integer, "post_id" integer, "created_at" datetime NOT NULL, "updated_at" datetime NOT NULL);
INSERT INTO likes VALUES(1,1,2,'2017-06-15 11:08:17.693706','2017-06-15 11:08:17.693706');
INSERT INTO likes VALUES(2,1,4,'2017-06-23 02:55:59.682026','2017-06-23 02:55:59.682026');
INSERT INTO likes VALUES(3,1,5,'2017-06-23 02:56:19.331528','2017-06-23 02:56:19.331528');
INSERT INTO likes VALUES(4,1,6,'2017-06-23 02:56:26.741958','2017-06-23 02:56:26.741958');
INSERT INTO likes VALUES(5,2,7,'2017-06-23 02:57:59.387263','2017-06-23 02:57:59.387263');
INSERT INTO likes VALUES(6,2,5,'2017-06-23 02:58:05.392782','2017-06-23 02:58:05.392782');
INSERT INTO likes VALUES(7,2,3,'2017-06-23 02:58:14.214305','2017-06-23 02:58:14.214305');
INSERT INTO likes VALUES(8,2,6,'2017-06-23 02:58:19.997630','2017-06-23 02:58:19.997630');
INSERT INTO likes VALUES(9,3,7,'2017-06-23 02:58:47.299819','2017-06-23 02:58:47.299819');
INSERT INTO likes VALUES(10,3,5,'2017-06-23 02:58:59.211449','2017-06-23 02:58:59.211449');
INSERT INTO likes VALUES(11,3,3,'2017-06-23 02:59:08.061375','2017-06-23 02:59:08.061375');
INSERT INTO likes VALUES(12,3,1,'2017-06-23 02:59:16.910039','2017-06-23 02:59:16.910039');
INSERT INTO likes VALUES(13,3,2,'2017-06-23 02:59:22.134075','2017-06-23 02:59:22.134075');
INSERT INTO likes VALUES(14,5,7,'2017-06-23 02:59:42.179684','2017-06-23 02:59:42.179684');
INSERT INTO likes VALUES(15,5,4,'2017-06-23 02:59:49.338710','2017-06-23 02:59:49.338710');
INSERT INTO likes VALUES(16,5,6,'2017-06-23 03:00:06.638632','2017-06-23 03:00:06.638632');
INSERT INTO likes VALUES(17,5,3,'2017-06-23 03:00:12.878890','2017-06-23 03:00:12.878890');
INSERT INTO likes VALUES(18,5,1,'2017-06-23 03:00:28.501397','2017-06-23 03:00:28.501397');
DELETE FROM sqlite_sequence;
INSERT INTO sqlite_sequence VALUES('posts',7);
INSERT INTO sqlite_sequence VALUES('users',5);
INSERT INTO sqlite_sequence VALUES('likes',18);
COMMIT;
